syllable,latin,count,first_file
प,pa,1325248,s0101m.mul.xml
स,sa,1322692,s0101m.mul.xml
ति,ti,1169077,s0101m.mul.xml
न,na,1165176,s0101m.mul.xml
अ,a,1010102,s0101m.mul.xml
व,va,921801,s0101m.mul.xml
त,ta,740880,s0101m.mul.xml
क,ka,683878,s0101m.mul.xml
म,ma,682397,s0101m.mul.xml
च,ca,673104,s0101m.mul.xml
य,ya,621782,s0101m.mul.xml
र,ra,529364,s0101m.mul.xml
स्स,ssa,514612,s0101m.mul.xml
वि,vi,492911,s0101m.mul.xml
ना,nā,478713,s0101m.mul.xml
नि,ni,466142,s0101m.mul.xml
ञ्,ñ,411647,s0101m.mul.xml
ग,ga,350321,s0101m.mul.xml
का,kā,346735,s0101m.mul.xml
नं,naṃ,337830,s0101m.mul.xml
रि,ri,330168,s0101m.mul.xml
आ,ā,323095,s0101m.mul.xml
द,da,318571,s0101m.mul.xml
वा,vā,311466,s0101m.mul.xml
सु,su,301175,s0101m.mul.xml
त्त,tta,291037,s0101m.mul.xml
ए,e,279861,s0101m.mul.xml
तो,to,275326,s0101m.mul.xml
उ,u,273812,s0101m.mul.xml
न्ति,nti,273304,s0101m.mul.xml
ता,tā,264131,s0101m.mul.xml
दि,di,262503,s0101m.mul.xml
मा,mā,260685,s0101m.mul.xml
ह,ha,255789,s0101m.mul.xml
च्,c,252093,s0101m.mul.xml
या,yā,249910,s0101m.mul.xml
त्वा,tvā,236477,s0101m.mul.xml
हि,hi,236177,s0101m.mul.xml
पा,pā,225338,s0101m.mul.xml
ते,te,218590,s0101m.mul.xml
ज,ja,218000,s0101m.mul.xml
सा,sā,217668,s0101m.mul.xml
ध,dha,210673,s0101m.mul.xml
तं,taṃ,209220,s0101m.mul.xml
सि,si,208637,s0101m.mul.xml
से,se,205699,s0101m.mul.xml
भ,bha,204173,s0101m.mul.xml
यो,yo,202614,s0101m.mul.xml
ल,la,201248,s0101m.mul.xml
इ,i,200536,s0101m.mul.xml
पि,pi,189929,s0101m.mul.xml
पु,pu,188172,s0101m.mul.xml
भि,bhi,179446,s0101m.mul.xml
प्प,ppa,179130,s0101m.mul.xml
त्थ,ttha,176825,s0101m.mul.xml
रा,rā,175307,s0101m.mul.xml
यं,yaṃ,174712,s0101m.mul.xml
ने,ne,172786,s0101m.mul.xml
वे,ve,172639,s0101m.mul.xml
सो,so,162709,s0101m.mul.xml
मे,me,159778,s0101m.mul.xml
नु,nu,156785,s0101m.mul.xml
ये,ye,155272,s0101m.mul.xml
भा,bhā,154831,s0101m.mul.xml
क्ख,kkha,153362,s0101m.mul.xml
ज्,j,153346,s0101m.mul.xml
सं,saṃ,151599,s0101m.mul.xml
दा,dā,149497,s0101m.mul.xml
चि,ci,148657,s0101m.mul.xml
टि,ṭi,148536,s0101m.mul.xml
तु,tu,148497,s0101m.mul.xml
जा,jā,146116,s0101m.mul.xml
त्ता,ttā,144475,s0101m.mul.xml
ण,ṇa,142984,s0101m.mul.xml
पे,pe,142588,s0101m.mul.xml
वु,vu,142047,s0101m.mul.xml
नो,no,141874,s0101m.mul.xml
रो,ro,139651,s0101m.mul.xml
हो,ho,138787,s0101m.mul.xml
हा,hā,134353,s0101m.mul.xml
मि,mi,131377,s0101m.mul.xml
था,thā,129078,s0101m.mul.xml
न्,n,128268,s0101m.mul.xml
म्म,mma,126792,s0101m.mul.xml
दे,de,126040,s0101m.mul.xml
ती,tī,124648,s0101m.mul.xml
रे,re,122518,s0101m.mul.xml
ञा,ñā,122019,s0101m.mul.xml
को,ko,121772,s0101m.mul.xml
त्तं,ttaṃ,119994,s0101m.mul.xml
कं,kaṃ,116691,s0101m.mul.xml
त्ति,tti,110431,s0101m.mul.xml
क्,k,109749,s0101m.mul.xml
ब्ब,bba,108647,s0101m.mul.xml
कु,ku,103104,s0101m.mul.xml
हे,he,101906,s0101m.mul.xml
मु,mu,98369,s0101m.mul.xml
दु,du,97918,s0101m.mul.xml
के,ke,97761,s0101m.mul.xml
लो,lo,97489,s0101m.mul.xml
ट्ठा,ṭṭhā,95037,s0101m.mul.xml
ग्ग,gga,93712,s0101m.mul.xml
स्सा,ssā,93674,s0101m.mul.xml
कि,ki,92040,s0101m.mul.xml
वं,vaṃ,90137,s0101m.mul.xml
चे,ce,86901,s0101m.mul.xml
न्त,nta,85405,s0101m.mul.xml
धि,dhi,85181,s0101m.mul.xml
दी,dī,83793,s0101m.mul.xml
चा,cā,83708,s0101m.mul.xml
सी,sī,83332,s0101m.mul.xml
ट्ठ,ṭṭha,82474,s0101m.mul.xml
ला,lā,81295,s0101m.mul.xml
रू,rū,80267,s0101m.mul.xml
रं,raṃ,77724,s0101m.mul.xml
ञ,ña,76973,s0101m.mul.xml
धा,dhā,72795,s0101m.mul.xml
थ,tha,70523,s0101m.mul.xml
ख,kha,70077,s0101m.mul.xml
गा,gā,68300,s0101m.mul.xml
मं,maṃ,66504,s0101m.mul.xml
न्तो,nto,64761,s0101m.mul.xml
ब,ba,64632,s0101m.mul.xml
णा,ṇā,64361,s0101m.mul.xml
ले,le,64344,s0101m.mul.xml
म्मा,mmā,61396,s0101m.mul.xml
मो,mo,61394,s0101m.mul.xml
णं,ṇaṃ,61048,s0101m.mul.xml
जि,ji,59691,s0101m.mul.xml
च्छ,ccha,59282,s0101m.mul.xml
त्थि,tthi,58846,s0101m.mul.xml
क्खु,kkhu,57229,s0101m.mul.xml
म्प,mpa,57166,s0101m.mul.xml
रु,ru,57113,s0101m.mul.xml
नी,nī,57086,s0101m.mul.xml
णे,ṇe,55463,s0101m.mul.xml
यु,yu,54751,s0101m.mul.xml
ट्ठि,ṭṭhi,54238,s0101m.mul.xml
त्तो,tto,53879,s0101m.mul.xml
त्ते,tte,53458,s0101m.mul.xml
न्ते,nte,53448,s0101m.mul.xml
ब्बा,bbā,51592,s0101m.mul.xml
त्था,tthā,50798,s0101m.mul.xml
दं,daṃ,50761,s0101m.mul.xml
खो,kho,50539,s0101m.mul.xml
लं,laṃ,49364,s0101m.mul.xml
म्पि,mpi,49041,s0101m.mul.xml
वो,vo,48882,s0101m.mul.xml
ण्ण,ṇṇa,47863,s0101m.mul.xml
ब्बं,bbaṃ,45639,s0101m.mul.xml
स्से,sse,45575,s0101m.mul.xml
द्ध,ddha,45367,s0101m.mul.xml
य्य,yya,45206,s0101m.mul.xml
स्मा,smā,45197,s0101m.mul.xml
भू,bhū,44809,s0101m.mul.xml
क्खा,kkhā,43718,s0101m.mul.xml
हं,haṃ,43351,s0101m.mul.xml
त्थो,ttho,43235,s0101m.mul.xml
म्मं,mmaṃ,41914,s0101m.mul.xml
स्मिं,smiṃ,40296,s0101m.mul.xml
हु,hu,39636,s0101m.mul.xml
ओ,o,39421,s0101m.mul.xml
च्छा,cchā,39336,s0101m.mul.xml
ठ,ṭha,38637,s0101m.mul.xml
न्ता,ntā,38615,s0101m.mul.xml
लि,li,38444,s0101m.mul.xml
तुं,tuṃ,38418,s0101m.mul.xml
ङ्ग,ṅga,37991,s0101m.mul.xml
णि,ṇi,37332,s0101m.mul.xml
च्छि,cchi,36298,s0101m.mul.xml
क्खि,kkhi,35597,s0101m.mul.xml
वी,vī,35174,s0101m.mul.xml
फ,pha,34925,s0101m.mul.xml
दो,do,34898,s0101m.mul.xml
गो,go,34139,s0101m.mul.xml
थे,the,33308,s0101m.mul.xml
ब्बे,bbe,32832,s0101m.mul.xml
न्द,nda,32802,s0101m.mul.xml
बु,bu,32798,s0101m.mul.xml
यि,yi,32586,s0101m.mul.xml
त्थे,tthe,31569,s0101m.mul.xml
छ,cha,31318,s0101m.mul.xml
ङ्खा,ṅkhā,30412,s0101m.mul.xml
भो,bho,30405,s0101m.mul.xml
द्धा,ddhā,30165,s0101m.mul.xml
न्द्रि,ndri,29861,s0101m.mul.xml
जे,je,29605,s0101m.mul.xml
प्पा,ppā,29598,s0101m.mul.xml
ब्बो,bbo,29082,s0101m.mul.xml
त्थं,tthaṃ,28713,s0101m.mul.xml
ल्,l,28174,s0101m.mul.xml
ही,hī,28013,s0101m.mul.xml
म्मो,mmo,27463,s0101m.mul.xml
मी,mī,27329,s0101m.mul.xml
पो,po,27232,s0101m.mul.xml
ह्म,hma,26986,s0101m.mul.xml
न्ती,ntī,26718,s0101m.mul.xml
ज्झ,jjha,26597,s0101m.mul.xml
म्मे,mme,26355,s0101m.mul.xml
न्तं,ntaṃ,26197,s0101m.mul.xml
न्धा,ndhā,25904,s0101m.mul.xml
त्थु,tthu,25226,s0101m.mul.xml
पं,paṃ,24914,s0101m.mul.xml
पी,pī,24353,s0101m.mul.xml
न्ध,ndha,24236,s0101m.mul.xml
ट,ṭa,23572,s0101m.mul.xml
मू,mū,23562,s0101m.mul.xml
द्द,dda,23489,s0101m.mul.xml
री,rī,23470,s0101m.mul.xml
गु,gu,22742,s0101m.mul.xml
भे,bhe,22660,s0101m.mul.xml
य्या,yyā,22578,s0101m.mul.xml
द्धि,ddhi,22425,s0101m.mul.xml
ञे,ñe,22414,s0101m.mul.xml
ची,cī,21707,s0101m.mul.xml
ण्ड,ṇḍa,21551,s0101m.mul.xml
स्सि,ssi,21273,s0101m.mul.xml
घ,gha,21226,s0101m.mul.xml
क्खू,kkhū,20833,s0101m.mul.xml
ङ्क,ṅka,20621,s0101m.mul.xml
गे,ge,20499,s0101m.mul.xml
द्वे,dve,20252,s0101m.mul.xml
ळ,ḷa,20192,s0101m.mul.xml
ब्भ,bbha,20057,s0101m.mul.xml
णो,ṇo,19938,s0101m.mul.xml
भु,bhu,19846,s0101m.mul.xml
खा,khā,19843,s0101m.mul.xml
ज्झा,jjhā,19557,s0101m.mul.xml
जी,jī,19453,s0101m.mul.xml
चं,caṃ,19154,s0101m.mul.xml
तू,tū,18778,s0101m.mul.xml
ब्या,byā,18615,s0101m.mul.xml
ट्ट,ṭṭa,18290,s0101m.mul.xml
द्दे,dde,18174,s0101m.mul.xml
क्खे,kkhe,17872,s0101m.mul.xml
चु,cu,17854,s0101m.mul.xml
ण्हा,ṇhā,17523,s0101m.mul.xml
ट्ठे,ṭṭhe,17348,s0101m.mul.xml
पू,pū,17282,s0101m.mul.xml
बा,bā,17126,s0101m.mul.xml
ञं,ñaṃ,17049,s0101m.mul.xml
किं,kiṃ,16988,s0101m.mul.xml
म्ब,mba,16841,s0101m.mul.xml
थं,thaṃ,16293,s0101m.mul.xml
द्वा,dvā,16210,s0101m.mul.xml
सू,sū,16017,s0101m.mul.xml
गि,gi,15905,s0101m.mul.xml
थि,thi,15887,s0101m.mul.xml
ब्रा,brā,15800,s0101m.mul.xml
ब्र,bra,15725,s0101m.mul.xml
बो,bo,15509,s0101m.mul.xml
चो,co,15330,s0101m.mul.xml
धु,dhu,15173,s0101m.mul.xml
द्धो,ddho,15008,s0101m.mul.xml
झा,jhā,14962,s0101m.mul.xml
न्धो,ndho,14725,s0101m.mul.xml
त्तिं,ttiṃ,14666,s0101m.mul.xml
स्वा,svā,14635,s0101m.mul.xml
घा,ghā,14475,s0101m.mul.xml
धो,dho,14429,s0101m.mul.xml
ठि,ṭhi,14422,s0101m.mul.xml
ञो,ño,14410,s0101m.mul.xml
धे,dhe,14367,s0101m.mul.xml
न्त्वा,ntvā,14284,s0101m.mul.xml
ट्ठो,ṭṭho,14278,s0101m.mul.xml
ठा,ṭhā,14250,s0101m.mul.xml
द्धं,ddhaṃ,14118,s0101m.mul.xml
च्छे,cche,13903,s0101m.mul.xml
खि,khi,13816,s0101m.mul.xml
णी,ṇī,13753,s0101m.mul.xml
तिं,tiṃ,13538,s0101m.mul.xml
न्दि,ndi,13401,s0101m.mul.xml
म्हि,mhi,13377,s0101m.mul.xml
जं,jaṃ,12823,s0101m.mul.xml
स्सो,sso,12696,s0101m.mul.xml
ग्गो,ggo,12675,s0101m.mul.xml
क्खं,kkhaṃ,12633,s0101m.mul.xml
प्पे,ppe,12447,s0101m.mul.xml
ग्गे,gge,12407,s0101m.mul.xml
स्सं,ssaṃ,12265,s0101m.mul.xml
म्भ,mbha,12097,s0101m.mul.xml
द्धिं,ddhiṃ,11841,s0101m.mul.xml
ञ्हि,ñhi,11838,s0101m.mul.xml
न्धि,ndhi,11810,s0102m.mul.xml
म्हा,mhā,11771,s0101m.mul.xml
खे,khe,11577,s0101m.mul.xml
सुं,suṃ,11334,s0101m.mul.xml
ब्य,bya,11300,s0101m.mul.xml
ङ्गा,ṅgā,11117,s0101m.mul.xml
त्थी,tthī,11071,s0101m.mul.xml
ग्गा,ggā,10982,s0101m.mul.xml
ळि,ḷi,10912,s0101m.mul.xml
ङ्घ,ṅgha,10910,s0101m.mul.xml
ण्डि,ṇḍi,10834,s0101m.mul.xml
स्सु,ssu,10686,s0101m.mul.xml
प्पि,ppi,10643,s0101m.mul.xml
द्दो,ddo,10535,s0101m.mul.xml
खं,khaṃ,10248,s0101m.mul.xml
ज्झि,jjhi,10219,s0101m.mul.xml
ळा,ḷā,10191,s0101m.mul.xml
ट्ठं,ṭṭhaṃ,10140,s0101m.mul.xml
न्धे,ndhe,9935,s0101m.mul.xml
ण्ह,ṇha,9916,s0101m.mul.xml
थु,thu,9738,s0101m.mul.xml
जो,jo,9541,s0101m.mul.xml
ग्गि,ggi,9479,s0101m.mul.xml
ली,lī,9471,s0101m.mul.xml
द्दि,ddi,9409,s0101m.mul.xml
कू,kū,9319,s0101m.mul.xml
त्ती,ttī,9205,s0101m.mul.xml
म्बु,mbu,9081,s0101m.mul.xml
त्वं,tvaṃ,8946,s0101m.mul.xml
स्या,syā,8821,s0101m.mul.xml
ङ्ख,ṅkha,8734,s0101m.mul.xml
ण्णं,ṇṇaṃ,8642,s0101m.mul.xml
दू,dū,8427,s0101m.mul.xml
त्र,tra,8401,s0101m.mul.xml
ग्गं,ggaṃ,8200,s0101m.mul.xml
क्खो,kkho,8136,s0101m.mul.xml
ड्ढ,ḍḍha,8073,s0101m.mul.xml
द्वि,dvi,8068,s0101m.mul.xml
खी,khī,8037,s0101m.mul.xml
ब्बि,bbi,7877,s0101m.mul.xml
न्तु,ntu,7645,s0101m.mul.xml
ण्णा,ṇṇā,7636,s0101m.mul.xml
टं,ṭaṃ,7635,s0101m.mul.xml
त्तु,ttu,7623,s0101m.mul.xml
य्हं,yhaṃ,7612,s0101m.mul.xml
धी,dhī,7543,s0101m.mul.xml
म्मि,mmi,7478,s0101m.mul.xml
द्व,dva,7345,s0101m.mul.xml
द्दा,ddā,7339,s0101m.mul.xml
य्यं,yyaṃ,7231,s0101m.mul.xml
धं,dhaṃ,7189,s0101m.mul.xml
म्मु,mmu,7177,s0101m.mul.xml
स्मि,smi,7158,s0101m.mul.xml
प्फ,ppha,7125,s0101m.mul.xml
य्यो,yyo,7113,s0101m.mul.xml
म्हे,mhe,7020,s0101m.mul.xml
खु,khu,7007,s0101m.mul.xml
लु,lu,6959,s0101m.mul.xml
थो,tho,6845,s0101m.mul.xml
गं,gaṃ,6817,s0101m.mul.xml
न्दो,ndo,6771,s0101m.mul.xml
य्ह,yha,6737,s0101m.mul.xml
टा,ṭā,6643,s0101m.mul.xml
द्धे,ddhe,6216,s0101m.mul.xml
सिं,siṃ,6141,s0101m.mul.xml
छि,chi,6064,s0101m.mul.xml
फु,phu,5881,s0101m.mul.xml
स्म,sma,5790,s0101m.mul.xml
की,kī,5742,s0101m.mul.xml
हू,hū,5657,s0101m.mul.xml
ङ्गे,ṅge,5632,s0101m.mul.xml
म्भि,mbhi,5582,s0101m.mul.xml
ञि,ñi,5468,s0101m.mul.xml
जु,ju,5464,s0101m.mul.xml
स्सी,ssī,5330,s0101m.mul.xml
न्दा,ndā,5323,s0101m.mul.xml
घो,gho,5315,s0101m.mul.xml
ङ्घा,ṅghā,5272,s0101m.mul.xml
ण्डा,ṇḍā,5255,s0101m.mul.xml
न्थ,ntha,5140,s0101m.mul.xml
ज्झे,jjhe,5124,s0101m.mul.xml
ट्ठु,ṭṭhu,5100,s0101m.mul.xml
ब्भा,bbhā,5001,s0101m.mul.xml
ङ्घो,ṅgho,4999,s0101m.mul.xml
हिं,hiṃ,4977,s0101m.mul.xml
ल्या,lyā,4967,s0101m.mul.xml
म्बो,mbo,4914,s0101m.mul.xml
ञु,ñu,4883,s0101m.mul.xml
ण्णो,ṇṇo,4844,s0101m.mul.xml
द्वी,dvī,4819,s0101m.mul.xml
दिं,diṃ,4795,s0101m.mul.xml
वू,vū,4679,s0101m.mul.xml
म्पा,mpā,4618,s0101m.mul.xml
ङ्गं,ṅgaṃ,4543,s0101m.mul.xml
चू,cū,4507,s0101m.mul.xml
प्पु,ppu,4492,s0101m.mul.xml
रिं,riṃ,4490,s0101m.mul.xml
टे,ṭe,4468,s0101m.mul.xml
ण्णे,ṇṇe,4462,s0101m.mul.xml
ङ्गि,ṅgi,4324,s0101m.mul.xml
ङ्गु,ṅgu,4238,s0101m.mul.xml
क्खुं,kkhuṃ,4112,s0101m.mul.xml
नू,nū,4085,s0101m.mul.xml
ङ्का,ṅkā,4078,s0101m.mul.xml
णु,ṇu,4037,s0101m.mul.xml
ण्डं,ṇḍaṃ,3984,s0101m.mul.xml
प्पं,ppaṃ,3963,s0101m.mul.xml
घं,ghaṃ,3923,s0102m.mul.xml
मिं,miṃ,3916,s0101m.mul.xml
भी,bhī,3858,s0101m.mul.xml
त्तुं,ttuṃ,3854,s0101m.mul.xml
यी,yī,3803,s0101m.mul.xml
प्पो,ppo,3799,s0101m.mul.xml
न्धं,ndhaṃ,3777,s0101m.mul.xml
गी,gī,3774,s0101m.mul.xml
म्भा,mbhā,3764,s0101m.mul.xml
ञी,ñī,3698,s0101m.mul.xml
टी,ṭī,3685,s0102m.mul.xml
यिं,yiṃ,3682,s0101m.mul.xml
ब्बु,bbu,3623,s0101m.mul.xml
द्दं,ddaṃ,3543,s0101m.mul.xml
ङ्घे,ṅghe,3542,s0101m.mul.xml
बी,bī,3519,s0101m.mul.xml
म्फ,mpha,3486,s0101m.mul.xml
फा,phā,3429,s0101m.mul.xml
य्युं,yyuṃ,3417,s0101m.mul.xml
टो,ṭo,3349,s0101m.mul.xml
ण्हि,ṇhi,3349,s0102m.mul.xml
ळ्ह,ḷha,3318,s0101m.mul.xml
प्फा,pphā,3243,s0101m.mul.xml
ङ्गी,ṅgī,3184,s0101m.mul.xml
ङ्गो,ṅgo,3180,s0102m.mul.xml
य्ये,yye,3159,s0101m.mul.xml
ञ्हे,ñhe,3153,s0101m.mul.xml
त्थू,tthū,3146,s0101m.mul.xml
त्थुं,tthuṃ,3141,s0101m.mul.xml
छा,chā,3090,s0101m.mul.xml
धिं,dhiṃ,3074,s0101m.mul.xml
ज्झो,jjho,3070,s0101m.mul.xml
निं,niṃ,3065,s0101m.mul.xml
धू,dhū,3049,s0101m.mul.xml
ञू,ñū,3042,s0101m.mul.xml
त्रा,trā,3021,s0101m.mul.xml
ग्घ,ggha,3002,s0101m.mul.xml
ई,ī,2988,s0101m.mul.xml
ङ्खे,ṅkhe,2944,s0101m.mul.xml
ण्ठा,ṇṭhā,2936,s0103m.mul.xml
थू,thū,2883,s0101m.mul.xml
म्भी,mbhī,2862,s0101m.mul.xml
ण्डे,ṇḍe,2834,s0101m.mul.xml
ङ्घं,ṅghaṃ,2824,s0101m.mul.xml
क्खी,kkhī,2806,s0101m.mul.xml
बि,bi,2759,s0101m.mul.xml
यू,yū,2731,s0101m.mul.xml
ऊ,ū,2724,s0102m.mul.xml
भं,bhaṃ,2689,s0101m.mul.xml
ट्ठी,ṭṭhī,2679,s0101m.mul.xml
ट्ठिं,ṭṭhiṃ,2657,s0101m.mul.xml
ठो,ṭho,2655,s0101m.mul.xml
न्दं,ndaṃ,2615,s0101m.mul.xml
ण्डु,ṇḍu,2608,s0101m.mul.xml
न्दे,nde,2569,s0101m.mul.xml
ड्ढि,ḍḍhi,2564,s0101m.mul.xml
म्य,mya,2552,s0102m.mul.xml
ट्टे,ṭṭe,2467,s0102m.mul.xml
ण्ठि,ṇṭhi,2450,s0101m.mul.xml
ळे,ḷe,2396,s0101m.mul.xml
ण्डो,ṇḍo,2383,s0101m.mul.xml
व्हा,vhā,2354,s0101m.mul.xml
त्व,tva,2334,s0101m.mul.xml
ळु,ḷu,2318,s0101m.mul.xml
छे,che,2310,s0101m.mul.xml
म्भे,mbhe,2302,s0101m.mul.xml
विं,viṃ,2286,s0101m.mul.xml
गू,gū,2272,s0101m.mul.xml
म्ह,mha,2206,s0101m.mul.xml
णिं,ṇiṃ,2183,s0101m.mul.xml
हुं,huṃ,2147,s0102m.mul.xml
म्भो,mbho,2142,s0101m.mul.xml
फो,pho,2138,s0101m.mul.xml
क्रि,kri,2137,s0201m.mul.xml
ब्भु,bbhu,2136,s0101m.mul.xml
ह्मा,hmā,2127,s0101m.mul.xml
म्बि,mbi,2125,s0101m.mul.xml
ञ्हा,ñhā,2118,s0102m.mul.xml
लू,lū,2103,s0101m.mul.xml
त्वे,tve,2101,s0101m.mul.xml
क्य,kya,2094,s0101m.mul.xml
रुं,ruṃ,2076,s0101m.mul.xml
ण्णि,ṇṇi,2067,s0101m.mul.xml
द्धु,ddhu,2040,s0101m.mul.xml
ब्रू,brū,1951,s0101m.mul.xml
च्छं,cchaṃ,1932,s0101m.mul.xml
त्या,tyā,1930,s0101m.mul.xml
टु,ṭu,1912,s0101m.mul.xml
ठे,ṭhe,1905,s0101m.mul.xml
ड्ढे,ḍḍhe,1875,s0102m.mul.xml
न्हा,nhā,1864,s0101m.mul.xml
ङ्के,ṅke,1804,s0101m.mul.xml
ण्ही,ṇhī,1801,s0101m.mul.xml
ट्टि,ṭṭi,1767,s0101m.mul.xml
लिं,liṃ,1757,s0101m.mul.xml
स्वे,sve,1742,s0101m.mul.xml
न्था,nthā,1736,s0101m.mul.xml
च्छो,ccho,1716,s0101m.mul.xml
ञ्हं,ñhaṃ,1700,s0101m.mul.xml
ग्घा,gghā,1697,s0101m.mul.xml
ळं,ḷaṃ,1636,s0101m.mul.xml
स्सू,ssū,1622,s0101m.mul.xml
जिं,jiṃ,1614,s0101m.mul.xml
ब्भि,bbhi,1609,s0101m.mul.xml
म्पी,mpī,1602,s0101m.mul.xml
ण्हं,ṇhaṃ,1589,s0101m.mul.xml
स्मी,smī,1570,s0101m.mul.xml
प्पी,ppī,1558,s0101m.mul.xml
जू,jū,1553,s0101m.mul.xml
ङ्कु,ṅku,1539,s0101m.mul.xml
ब्भो,bbho,1533,s0101m.mul.xml
ळी,ḷī,1495,s0101m.mul.xml
ण्ट,ṇṭa,1492,s0101m.mul.xml
न्तुं,ntuṃ,1472,s0102m.mul.xml
ड्डे,ḍḍe,1448,s0102m.mul.xml
णू,ṇū,1446,s0101m.mul.xml
म्पे,mpe,1409,s0101m.mul.xml
ज्झं,jjhaṃ,1403,s0101m.mul.xml
त्थिं,tthiṃ,1401,s0101m.mul.xml
पुं,puṃ,1393,s0102m.mul.xml
त्य,tya,1375,s0102m.mul.xml
ण्हे,ṇhe,1364,s0101m.mul.xml
म्बा,mbā,1358,s0101m.mul.xml
ळ्हं,ḷhaṃ,1339,s0101m.mul.xml
ञ्हो,ñho,1326,s0101m.mul.xml
च्छिं,cchiṃ,1308,s0101m.mul.xml
म्ही,mhī,1301,s0102m.mul.xml
न्तू,ntū,1283,s0102m.mul.xml
ळो,ḷo,1281,s0101m.mul.xml
चिं,ciṃ,1277,s0102m.mul.xml
ळ्हो,ḷho,1270,s0101m.mul.xml
युं,yuṃ,1268,s0102m.mul.xml
म्भू,mbhū,1266,s0301m.mul.xml
ङ्घि,ṅghi,1259,s0102m.mul.xml
ङ्को,ṅko,1249,s0102m.mul.xml
ट्टं,ṭṭaṃ,1236,s0101m.mul.xml
न्धु,ndhu,1231,s0101m.mul.xml
ग्गु,ggu,1227,s0102m.mul.xml
द्धी,ddhī,1225,s0102m.mul.xml
न्दु,ndu,1225,s0101m.mul.xml
न्तिं,ntiṃ,1217,s0101m.mul.xml
ङ्ख्या,ṅkhyā,1205,s0501m.mul.xml
ण्ठ,ṇṭha,1202,s0101m.mul.xml
टिं,ṭiṃ,1196,s0102m.mul.xml
य्यु,yyu,1195,s0101m.mul.xml
ङ्खं,ṅkhaṃ,1178,s0101m.mul.xml
ञ्छ,ñcha,1147,s0102m.mul.xml
न्धिं,ndhiṃ,1144,s0101m.mul.xml
ञ्ह,ñha,1113,s0101m.mul.xml
म्मू,mmū,1110,s0101m.mul.xml
ट्टा,ṭṭā,1064,s0101m.mul.xml
न्दी,ndī,1063,s0101m.mul.xml
च्छु,cchu,1062,s0202m.mul.xml
ब्भे,bbhe,1030,s0102m.mul.xml
न्व,nva,1017,s0101m.mul.xml
ग्रो,gro,998,s0101m.mul.xml
भिं,bhiṃ,992,s0102m.mul.xml
प्फि,pphi,974,s0301m.mul.xml
ङ्कि,ṅki,970,s0101m.mul.xml
न्वा,nvā,966,s0101m.mul.xml
ड,ḍa,949,s0102m.mul.xml
थी,thī,940,s0101m.mul.xml
ङ्कं,ṅkaṃ,920,s0101m.mul.xml
ग्गिं,ggiṃ,896,s0101m.mul.xml
म्मी,mmī,895,s0102m.mul.xml
ळ्हा,ḷhā,871,s0101m.mul.xml
न्थो,ntho,866,s0103m.mul.xml
घे,ghe,864,s0102m.mul.xml
ङ्ख्ये,ṅkhye,850,s0305m.mul.xml
प्फं,pphaṃ,840,s0102m.mul.xml
ठं,ṭhaṃ,814,s0201m.mul.xml
द्दु,ddu,806,s0101m.mul.xml
ग्गी,ggī,802,s0101m.mul.xml
ल्य,lya,796,s0103m.mul.xml
क्खिं,kkhiṃ,794,s0102m.mul.xml
द्र,dra,793,s0101m.mul.xml
ड्ढा,ḍḍhā,784,s0101m.mul.xml
ह्मु,hmu,784,s0101m.mul.xml
पिं,piṃ,773,s0101m.mul.xml
ब्भं,bbhaṃ,772,s0102m.mul.xml
ग्घो,ggho,747,s0101m.mul.xml
ख्या,khyā,746,s0101a.att.xml
ङ्खि,ṅkhi,744,s0101m.mul.xml
ण्हो,ṇho,737,s0101m.mul.xml
न्ह,nha,722,s0102m.mul.xml
ट्टो,ṭṭo,719,s0101m.mul.xml
न्धी,ndhī,704,s0201m.mul.xml
य्वा,yvā,704,s0101m.mul.xml
व्ह,vha,700,s0101m.mul.xml
म्भं,mbhaṃ,689,s0101m.mul.xml
त्रि,tri,680,s0101m.mul.xml
स्व,sva,678,s0102m.mul.xml
ज्झु,jjhu,674,s0102m.mul.xml
गुं,guṃ,670,s0102m.mul.xml
चुं,cuṃ,666,s0101m.mul.xml
ळिं,ḷiṃ,664,s0201m.mul.xml
न्थे,nthe,648,s0101m.mul.xml
जुं,juṃ,626,s0101m.mul.xml
ङ्ख्यं,ṅkhyaṃ,605,s0103m.mul.xml
ड्डि,ḍḍi,601,s0102m.mul.xml
त्तू,ttū,581,s0101m.mul.xml
ञ्छि,ñchi,577,s0101m.mul.xml
प्य,pya,576,s0515m.mul.xml
डं,ḍaṃ,563,s0103m.mul.xml
ड्ढो,ḍḍho,556,s0101m.mul.xml
प्फे,pphe,554,s0102m.mul.xml
म्बं,mbaṃ,539,s0101m.mul.xml
ड्डु,ḍḍu,536,s0102m.mul.xml
ड्ड,ḍḍa,533,s0103m.mul.xml
ख्वा,khvā,516,s0102m.mul.xml
ग्य,gya,513,s0103m.mul.xml
ब्यू,byū,509,s0101m.mul.xml
ळ्ही,ḷhī,507,s0201m.mul.xml
क्यं,kyaṃ,505,s0202m.mul.xml
न्दिं,ndiṃ,501,s0101m.mul.xml
ड्ढं,ḍḍhaṃ,500,s0101m.mul.xml
ब्बी,bbī,498,s0103m.mul.xml
म्बे,mbe,487,s0102m.mul.xml
स्ने,sne,486,s0101m.mul.xml
स्सिं,ssiṃ,484,s0101m.mul.xml
ण्णु,ṇṇu,473,s0102m.mul.xml
य्हा,yhā,463,s0102m.mul.xml
थिं,thiṃ,461,s0101m.mul.xml
ङ,ṅa,458,s0103m.mul.xml
न्वे,nve,456,s0102m.mul.xml
फे,phe,452,s0103m.mul.xml
च्छी,cchī,446,s0201m.mul.xml
म्भु,mbhu,439,s0101m.mul.xml
म्हं,mhaṃ,439,s0101m.mul.xml
ळ्हि,ḷhi,433,s0201m.mul.xml
ट्ठुं,ṭṭhuṃ,431,s0201m.mul.xml
प्फो,ppho,428,s0101m.mul.xml
ल्यं,lyaṃ,428,s0201m.mul.xml
द्य,dya,419,s0503a.att.xml
क्या,kyā,416,s0101m.mul.xml
ळ्हे,ḷhe,416,s0103m.mul.xml
ग्घे,gghe,410,s0101m.mul.xml
ग्घं,gghaṃ,391,s0102m.mul.xml
म्पु,mpu,391,s0202m.mul.xml
ण्डू,ṇḍū,390,s0202m.mul.xml
ण्डी,ṇḍī,386,s0102m.mul.xml
क्ये,kye,384,s0101m.mul.xml
ट्टू,ṭṭū,384,s0202m.mul.xml
ह्मे,hme,376,s0102m.mul.xml
ङ्खो,ṅkho,375,s0102m.mul.xml
त्रे,tre,374,s0101m.mul.xml
ड्डा,ḍḍā,373,s0101m.mul.xml
म्पं,mpaṃ,365,s0101m.mul.xml
म्फु,mphu,359,s0102m.mul.xml
म्मिं,mmiṃ,359,s0102m.mul.xml
न्हि,nhi,358,s0201m.mul.xml
द्दी,ddī,348,s0101m.mul.xml
मुं,muṃ,345,s0101m.mul.xml
ब्बू,bbū,340,s0102m.mul.xml
झ,jha,339,s0103m.mul.xml
न्थं,nthaṃ,334,s0301m.mul.xml
छु,chu,328,s0102m.mul.xml
द्धुं,ddhuṃ,324,s0517m.mul.xml
न्दू,ndū,316,s0101m.mul.xml
डि,ḍi,312,s0203m.mul.xml
ण्हिं,ṇhiṃ,312,s0508m.mul.xml
ग्घि,gghi,302,s0203m.mul.xml
व्हो,vho,301,s0101m.mul.xml
भुं,bhuṃ,294,s0201m.mul.xml
फी,phī,293,s0101m.mul.xml
ण्ठो,ṇṭho,289,s0101m.mul.xml
व्हं,vhaṃ,289,s0101m.mul.xml
न्धू,ndhū,274,s0102m.mul.xml
ण्ठे,ṇṭhe,273,s0101m.mul.xml
बे,be,273,s0101m.mul.xml
य्यि,yyi,271,s0102m.mul.xml
य्हि,yhi,264,s0101m.mul.xml
दुं,duṃ,263,s0103m.mul.xml
न्थि,nthi,261,s0301m.mul.xml
स्सुं,ssuṃ,254,s0101m.mul.xml
ण्णी,ṇṇī,253,s0101m.mul.xml
य्हो,yho,250,s0102m.mul.xml
घि,ghi,247,s0404m2.mul.xml
म्या,myā,246,s0102m.mul.xml
धुं,dhuṃ,241,s0103m.mul.xml
ग्यं,gyaṃ,231,s0101m.mul.xml
ण्वु,ṇvu,231,vin09t.nrf.xml
ञ्ही,ñhī,230,s0101a.att.xml
ख्व,khva,228,s0101m.mul.xml
ळ्हिं,ḷhiṃ,228,s0102m.mul.xml
न्त्या,ntyā,227,s0301m.mul.xml
ण्य,ṇya,225,s0402m3.mul.xml
प्फु,pphu,225,s0101m.mul.xml
डा,ḍā,224,s0101m.mul.xml
ट्टी,ṭṭī,223,s0101m.mul.xml
नुं,nuṃ,223,s0202m.mul.xml
ख्य,khya,222,s0201m.mul.xml
य्हे,yhe,220,s0101m.mul.xml
न्त्य,ntya,216,s0507m.mul.xml
ञ्छा,ñchā,213,s0102m.mul.xml
ड्ढिं,ḍḍhiṃ,212,s0305m.mul.xml
ब्यं,byaṃ,212,s0101m.mul.xml
प्,p,210,s0304m.mul.xml
ण्हु,ṇhu,204,s0103m.mul.xml
त्रु,tru,201,s0101m.mul.xml
ङ्ख्य,ṅkhya,198,s0503m.mul.xml
प्पिं,ppiṃ,198,s0201m.mul.xml
घु,ghu,195,s0301m.mul.xml
द्दू,ddū,194,s0201m.mul.xml
न्त्वे,ntve,185,s0103m.mul.xml
णुं,ṇuṃ,182,s0101m.mul.xml
ञ्झा,ñjhā,180,s0101m.mul.xml
म्बू,mbū,179,s0305m.mul.xml
ञिं,ñiṃ,178,s0101m.mul.xml
च्छुं,cchuṃ,177,s0102m.mul.xml
द्धू,ddhū,177,s0102m.mul.xml
व्हे,vhe,175,s0101m.mul.xml
खुं,khuṃ,172,s0101m.mul.xml
ङ्घु,ṅghu,170,s0301m.mul.xml
ब्यो,byo,167,s0202m.mul.xml
वुं,vuṃ,166,s0305m.mul.xml
न्या,nyā,163,s0506m.mul.xml
न्दुं,nduṃ,159,s0303m.mul.xml
ठी,ṭhī,156,s0507m.mul.xml
ह्मं,hmaṃ,154,s0201m.mul.xml
ग्या,gyā,152,s0101m.mul.xml
ञ्छे,ñche,150,s0103m.mul.xml
ङ्की,ṅkī,148,s0101m.mul.xml
ल्ये,lye,145,s0201m.mul.xml
द्रा,drā,141,s0102m.mul.xml
ग्गू,ggū,137,s0202m.mul.xml
व्हि,vhi,136,s0103m.mul.xml
ट्टु,ṭṭu,134,s0402m3.mul.xml
प्पू,ppū,133,s0513m.mul.xml
ज्झिं,jjhiṃ,131,s0101m.mul.xml
ड्ढु,ḍḍhu,131,s0503m.mul.xml
ट्ठू,ṭṭhū,129,s0509m.mul.xml
स्य,sya,128,s0103m.mul.xml
त्यु,tyu,121,s0105t.nrf.xml
व्या,vyā,121,s0103m.mul.xml
खू,khū,120,s0103m.mul.xml
त्रं,traṃ,116,s0505m.mul.xml
द्रो,dro,116,s0202m.mul.xml
ज्झी,jjhī,115,s0515m.mul.xml
त्ये,tye,115,s0514m.mul.xml
ब्भी,bbhī,110,s0402m2.mul.xml
ब्रु,bru,110,s0202m.mul.xml
ट्टिं,ṭṭiṃ,108,s0201m.mul.xml
ड्डं,ḍḍaṃ,108,s0202m.mul.xml
स्त,sta,108,s0201m.mul.xml
ळू,ḷū,107,s0202m.mul.xml
स्ता,stā,105,s0201m.mul.xml
ञुं,ñuṃ,102,s0502m.mul.xml
ड्ढी,ḍḍhī,102,s0101m.mul.xml
म्पो,mpo,102,vin02m3.mul.xml
ब्बिं,bbiṃ,101,s0101m.mul.xml
ब्भू,bbhū,101,s0102m.mul.xml
क्त,kta,99,e0201n.nrf.xml
टू,ṭū,99,s0102m.mul.xml
डे,ḍe,99,s0101m.mul.xml
ण्टं,ṇṭaṃ,99,s0506m.mul.xml
म्बी,mbī,99,s0102m.mul.xml
ङ्कू,ṅkū,98,s0201m.mul.xml
त्वि,tvi,98,e0201n.nrf.xml
ण्डिं,ṇḍiṃ,96,s0505m.mul.xml
ण्ठं,ṇṭhaṃ,95,s0101m.mul.xml
ण्टा,ṇṭā,91,s0510m1.mul.xml
खिं,khiṃ,90,s0101m.mul.xml
ङ्खी,ṅkhī,88,s0101m.mul.xml
न्त्व,ntva,87,s0511m.mul.xml
न्य,nya,87,s0508m.mul.xml
ह्वा,hvā,87,s0202m.mul.xml
ङ्गिं,ṅgiṃ,86,s0101m.mul.xml
ण्टे,ṇṭe,84,s0201m.mul.xml
स्यं,syaṃ,84,s0404m3.mul.xml
ण्यो,ṇyo,82,e0201n.nrf.xml
द्रे,dre,81,s0101m.mul.xml
ङ्घी,ṅghī,80,s0101m.mul.xml
ण्ध,ṇdha,80,e1202n.nrf.xml
ण्द,ṇda,79,e0607n.nrf.xml
न्ज,nja,79,e0201n.nrf.xml
त्रू,trū,77,s0103m.mul.xml
न्हे,nhe,77,s0513m.mul.xml
ह्य,hya,77,s0301m.mul.xml
ण्टि,ṇṭi,76,s0510m1.mul.xml
ढ,ḍha,75,s0514m.mul.xml
द्दिं,ddiṃ,75,s0201m.mul.xml
ल्तु,ltu,74,e0201n.nrf.xml
त्यं,tyaṃ,73,s0301a.att.xml
ख्वे,khve,72,s0102m.mul.xml
ग्गुं,gguṃ,71,s0201m.mul.xml
लुं,luṃ,71,s0201m.mul.xml
द्यु,dyu,70,e0201n.nrf.xml
ळुं,ḷuṃ,70,s0301m.mul.xml
छो,cho,69,e0201n.nrf.xml
डो,ḍo,69,s0403a.att.xml
ल्यो,lyo,69,s0505m.mul.xml
गिं,giṃ,68,s0101m.mul.xml
स्तो,sto,68,s0102m.mul.xml
क्यो,kyo,66,s0508m.mul.xml
द्रं,draṃ,66,s0102m.mul.xml
ह्व,hva,65,s0508m.mul.xml
द्या,dyā,64,s0514m.mul.xml
म्बिं,mbiṃ,64,s0203m.mul.xml
स्तं,staṃ,64,s0201m.mul.xml
स्मं,smaṃ,64,s0201m.mul.xml
म्हो,mho,63,s0512m.mul.xml
क्रु,kru,62,s0301m.mul.xml
द्रू,drū,62,s0103m.mul.xml
ङि,ṅi,61,e0201n.nrf.xml
बू,bū,61,s0402m3.mul.xml
म्भिं,mbhiṃ,61,s0102m.mul.xml
म्भुं,mbhuṃ,60,s0510m1.mul.xml
ङ्खु,ṅkhu,59,s0510m1.mul.xml
स्वि,svi,59,s0505a.att.xml
फि,phi,58,s0301m.mul.xml
व्य,vya,58,s0402m3.mul.xml
ण्वा,ṇvā,57,s0302m.mul.xml
ख्यं,khyaṃ,54,s0505m.mul.xml
प्या,pyā,54,s0301t.tik.xml
भ्या,bhyā,54,s0513m.mul.xml
क्तो,kto,53,e0201n.nrf.xml
घी,ghī,53,s0513m.mul.xml
म्फं,mphaṃ,53,s0505m.mul.xml
न्वि,nvi,52,s0506m.mul.xml
डु,ḍu,51,s0403m3.mul.xml
ध्य,dhya,51,s0104t.nrf.xml
प्ये,pye,51,vin08t.nrf.xml
ञ्छं,ñchaṃ,50,s0201m.mul.xml
ख्यो,khyo,49,s0103t.tik.xml
ह्मू,hmū,49,s0403m3.mul.xml
प्फू,pphū,48,s0101a.att.xml
म्बुं,mbuṃ,48,s0404m1.mul.xml
कुं,kuṃ,45,s0513m.mul.xml
च्छू,cchū,45,s0202m.mul.xml
ण्टिं,ṇṭiṃ,44,s0102a.att.xml
त्यू,tyū,44,vin06t.nrf.xml
त्यो,tyo,44,s0508m.mul.xml
थ्य,thya,44,vin06t.nrf.xml
ध्वा,dhvā,44,vin02m1.mul.xml
य्हू,yhū,44,s0519m.mul.xml
ण्हू,ṇhū,43,s0102m.mul.xml
न्थु,nthu,43,s0403m1.mul.xml
ख्ये,khye,42,s0501a.att.xml
त्रो,tro,42,vin02m2.mul.xml
स्मे,sme,42,s0301m.mul.xml
ङा,ṅā,41,e0201n.nrf.xml
ञ्झो,ñjho,41,s0101m.mul.xml
ण्ठी,ṇṭhī,41,s0202m.mul.xml
द्म,dma,41,s0506m.mul.xml
स्ना,snā,41,s0102m.mul.xml
ण्यं,ṇyaṃ,40,s0101m.mul.xml
ण्टु,ṇṭu,39,s0510m1.mul.xml
ण्ठिं,ṇṭhiṃ,39,s0304m.mul.xml
ङ्गू,ṅgū,38,s0203m.mul.xml
म्पू,mpū,38,s0101a.att.xml
ग्ये,gye,37,s0305m.mul.xml
झे,jhe,37,s0104t.nrf.xml
ण्दि,ṇdi,37,e1202n.nrf.xml
ञ्झ,ñjha,36,s0101m.mul.xml
ण्या,ṇyā,36,s0514m.mul.xml
ड्डुं,ḍḍuṃ,35,s0305m.mul.xml
ण्णू,ṇṇū,35,s0201m.mul.xml
य्हु,yhu,35,s0513m.mul.xml
ञ्छिं,ñchiṃ,34,s0101m.mul.xml
ण्डुं,ṇḍuṃ,34,s0101m.mul.xml
म्यं,myaṃ,34,s0513m.mul.xml
स्ते,ste,33,s0202m.mul.xml
स्वी,svī,33,e0801n.nrf.xml
ट्य,ṭya,32,s0515m.mul.xml
ण्णिं,ṇṇiṃ,31,s0202m.mul.xml
त्थ्य,tthya,31,vin06t.nrf.xml
थ्या,thyā,31,s0501t.nrf.xml
न्हो,nho,31,s0402m2.mul.xml
ब्यु,byu,31,s0201m.mul.xml
प्यु,pyu,30,vin06t.nrf.xml
य्यू,yyū,29,s0201m.mul.xml
ञ्छुं,ñchuṃ,28,s0102m.mul.xml
क्ति,kti,27,e0201n.nrf.xml
ग्घी,gghī,27,s0301m.mul.xml
न्धुं,ndhuṃ,27,s0505m.mul.xml
ब्भिं,bbhiṃ,27,s0507m.mul.xml
स्यो,syo,27,s0513m.mul.xml
क्णा,kṇā,26,e0201n.nrf.xml
ञ्झं,ñjhaṃ,26,s0304m.mul.xml
झि,jhi,25,s0508m.mul.xml
ञ्छो,ñcho,25,s0509m.mul.xml
ड्डू,ḍḍū,24,s0201m.mul.xml
ड्डो,ḍḍo,24,s0510m2.mul.xml
त्न,tna,24,s0403m1.mul.xml
क्ख्या,kkhyā,23,s0508m.mul.xml
ङी,ṅī,23,e0201n.nrf.xml
झो,jho,23,s0513a4.att.xml
ट्ठ्य,ṭṭhya,23,vin12t.nrf.xml
ड्ढू,ḍḍhū,23,s0502a.att.xml
त्थ्या,tthyā,23,s0505m.mul.xml
ब्ये,bye,23,s0504a.att.xml
क्ना,knā,22,e0201n.nrf.xml
त्वो,tvo,22,e0201n.nrf.xml
घ्य,ghya,21,s0104t.nrf.xml
बं,baṃ,21,s0514m.mul.xml
ळ्हु,ḷhu,21,s0102m.mul.xml
ङं,ṅaṃ,20,e0201n.nrf.xml
ध्या,dhyā,20,s0501t.nrf.xml
प्फिं,pphiṃ,20,s0102a.att.xml
प्यो,pyo,20,abh02a.att.xml
म्फे,mphe,20,vin02m3.mul.xml
ण्दा,ṇdā,19,e1202n.nrf.xml
स्वं,svaṃ,19,e0201n.nrf.xml
झी,jhī,18,e0201n.nrf.xml
ञ्हु,ñhu,18,s0102a.att.xml
त्त्य,ttya,18,e0801n.nrf.xml
प्फी,pphī,18,s0510m1.mul.xml
ण्ठु,ṇṭhu,17,s0402m2.mul.xml
द्ध्य,ddhya,17,e0201n.nrf.xml
द्मं,dmaṃ,17,s0403m1.mul.xml
डी,ḍī,16,s0105t.nrf.xml
ड्डी,ḍḍī,16,s0202m.mul.xml
न्ध्य,ndhya,16,s0501t.nrf.xml
भ्यु,bhyu,16,e0806n.nrf.xml
क्ख्य,kkhya,15,e0808n.nrf.xml
क्णो,kṇo,15,e0201n.nrf.xml
ज्झू,jjhū,15,s0403m3.mul.xml
ज्या,jyā,15,e0201n.nrf.xml
ण्वू,ṇvū,15,e0802n.nrf.xml
त्वी,tvī,15,e0201n.nrf.xml
द्रि,dri,15,s0514m.mul.xml
न्ध्या,ndhyā,15,s0501t.nrf.xml
भ्यो,bhyo,15,s0506m.mul.xml
ङ्ख्यो,ṅkhyo,14,vin12t.nrf.xml
ञ्छी,ñchī,14,s0202a.att.xml
ढा,ḍhā,14,e0201n.nrf.xml
त्त्वा,ttvā,14,e0201n.nrf.xml
म्पिं,mpiṃ,14,s0510m1.mul.xml
म्हु,mhu,14,s0404m3.mul.xml
क्त्वा,ktvā,13,e0801n.nrf.xml
क्प,kpa,13,e0201n.nrf.xml
ङ्ग्य,ṅgya,13,e0801n.nrf.xml
ण्थ,ṇtha,13,e1202n.nrf.xml
ण्द्रि,ṇdri,13,e1202n.nrf.xml
ण्धि,ṇdhi,13,e1202n.nrf.xml
न्हं,nhaṃ,13,s0514m.mul.xml
ब्र्वि,brvi,13,s0105t.nrf.xml
क्ता,ktā,12,e0201n.nrf.xml
ख्वि,khvi,12,s0202m.mul.xml
च्य,cya,12,e0801n.nrf.xml
ण्धा,ṇdhā,12,e1202n.nrf.xml
ण्धो,ṇdho,12,e1202n.nrf.xml
थुं,thuṃ,12,s0506m.mul.xml
द्मा,dmā,12,s0510m1.mul.xml
ध्यो,dhyo,12,s0513m.mul.xml
न्ये,nye,12,e0806n.nrf.xml
स्मु,smu,12,s0202m.mul.xml
ङु,ṅu,11,e0201n.nrf.xml
ट्ठ्या,ṭṭhyā,11,e0105n.nrf.xml
ढो,ḍho,11,e0201n.nrf.xml
द्ये,dye,11,vin11t.nrf.xml
न्त्ये,ntye,11,vin08t.nrf.xml
म्र,mra,11,e0201n.nrf.xml
ह्या,hyā,11,e0801n.nrf.xml
ह्ये,hye,11,e0806n.nrf.xml
ह्वे,hve,11,s0503m.mul.xml
ग्वा,gvā,10,s0202m.mul.xml
ञ्स,ñsa,10,e0806n.nrf.xml
ट्यं,ṭyaṃ,10,s0515a.att.xml
ण्धे,ṇdhe,10,e1202n.nrf.xml
त्त्या,ttyā,10,e0201n.nrf.xml
त्थ्ये,tthye,10,e0801n.nrf.xml
न्द्री,ndrī,10,s0301m.mul.xml
न्यु,nyu,10,s0104t.nrf.xml
भ्यू,bhyū,10,vin09t.nrf.xml
भ्वा,bhvā,10,abh06t.nrf.xml
म्ये,mye,10,e0807n.nrf.xml
स्न,sna,10,s0505m.mul.xml
स्ये,sye,10,s0403m3.mul.xml
ग्घु,gghu,9,s0505m.mul.xml
ग्यो,gyo,9,s0508a2.att.xml
ङ्कुं,ṅkuṃ,9,vin02m1.mul.xml
ङ्खिं,ṅkhiṃ,9,s0102m.mul.xml
ङ्ग्यो,ṅgyo,9,e0807n.nrf.xml
च्या,cyā,9,e0901n.nrf.xml
ट्या,ṭyā,9,e0809n.nrf.xml
ण्टो,ṇṭo,9,s0101a.att.xml
द्ध्या,ddhyā,9,e0806n.nrf.xml
भ्य,bhya,9,vin06t.nrf.xml
म्यु,myu,9,e0201n.nrf.xml
स्नि,sni,9,s0510m2.mul.xml
क्ख्वा,kkhvā,8,e0201n.nrf.xml
क्ते,kte,8,e0801n.nrf.xml
ङ्किं,ṅkiṃ,8,s0202m.mul.xml
ञ्झि,ñjhi,8,s0304a.att.xml
टुं,ṭuṃ,8,s0202a.att.xml
ठु,ṭhu,8,e0809n.nrf.xml
ण्टू,ṇṭū,8,s0101m.mul.xml
ण्दो,ṇdo,8,e1202n.nrf.xml
ण्ये,ṇye,8,e0801n.nrf.xml
ध्व,dhva,8,e0806n.nrf.xml
प्यं,pyaṃ,8,s0519a.att.xml
य्यिं,yyiṃ,8,s0102m.mul.xml
क्र,kra,7,e0401n.nrf.xml
घू,ghū,7,s0510m1.mul.xml
ङ्खू,ṅkhū,7,s0514m.mul.xml
ङ्ख्यु,ṅkhyu,7,vin02t.tik.xml
ञ्छु,ñchu,7,s0512m.mul.xml
ञ्स्स,ñssa,7,e0806n.nrf.xml
द्रु,dru,7,s0301m.mul.xml
न्च,nca,7,vin08t.nrf.xml
न्यं,nyaṃ,7,e0803n.nrf.xml
फं,phaṃ,7,s0103t.tik.xml
य्हिं,yhiṃ,7,s0102m.mul.xml
य्ही,yhī,7,s0402m3.mul.xml
स्वो,svo,7,abh06t.nrf.xml
ह्मि,hmi,7,s0513a4.att.xml
ङ्,ṅ,6,e0201n.nrf.xml
ङ्क्य,ṅkya,6,s0202m.mul.xml
ङ्क्यो,ṅkyo,6,s0508m.mul.xml
ङ्गुं,ṅguṃ,6,vin02m2.mul.xml
ज्गा,jgā,6,e0601n.nrf.xml
डू,ḍū,6,s0202m.mul.xml
ण्धं,ṇdhaṃ,6,e1202n.nrf.xml
थ्यं,thyaṃ,6,e0201n.nrf.xml
द्यं,dyaṃ,6,e0806n.nrf.xml
न्त्यु,ntyu,6,e0810n.nrf.xml
न्त्र,ntra,6,s0513m.mul.xml
न्थिं,nthiṃ,6,s0101a.att.xml
न्यू,nyū,6,s0501t.nrf.xml
बुं,buṃ,6,s0510m2.mul.xml
य्यी,yyī,6,vin02m3.mul.xml
ल्त्वा,ltvā,6,e0806n.nrf.xml
वै,vै,6,s0515m.mul.xml
ह्यं,hyaṃ,6,e0806n.nrf.xml
ऐ,ऐ,5,e0807n.nrf.xml
ङ्घिं,ṅghiṃ,5,s0201m.mul.xml
च्वा,cvā,5,e0702n.nrf.xml
ञ्ञ,ñña,5,s0202a.att.xml
द्दुं,dduṃ,5,e0703n.nrf.xml
द्व्य,dvya,5,e0607n.nrf.xml
न्जा,njā,5,e0201n.nrf.xml
न्स,nsa,5,e0802n.nrf.xml
प्रा,prā,5,e0702n.nrf.xml
भ्यं,bhyaṃ,5,e0201n.nrf.xml
मै,mै,5,e1201n.nrf.xml
म्ञो,mño,5,e1201n.nrf.xml
म्ना,mnā,5,e0601n.nrf.xml
रीं,rīṃ,5,s0201m.mul.xml
ल्त्व,ltva,5,e0806n.nrf.xml
ल्व,lva,5,e0801n.nrf.xml
ल्वा,lvā,5,e0201n.nrf.xml
ळ्हू,ḷhū,5,s0203m.mul.xml
औ,औ,4,e0807n.nrf.xml
कै,kै,4,e1201n.nrf.xml
गीं,gīṃ,4,s0101m.mul.xml
ग्घू,gghū,4,s0510m1.mul.xml
ग्ध,gdha,4,abh02a.att.xml
ङ्ख्यू,ṅkhyū,4,vin01t2.tik.xml
ङ्घ्य,ṅghya,4,e0811n.nrf.xml
ज्वे,jve,4,e0801n.nrf.xml
झं,jhaṃ,4,e0810n.nrf.xml
ञ्च,ñca,4,s0201a.att.xml
ञ्ञा,ññā,4,s0202m.mul.xml
ञ्ञो,ñño,4,e1202n.nrf.xml
ठ्य,ṭhya,4,e0806n.nrf.xml
ण्घ,ṇgha,4,e0806n.nrf.xml
ण्णुं,ṇṇuṃ,4,s0506m.mul.xml
ण्दु,ṇdu,4,e1202n.nrf.xml
ण्दे,ṇde,4,e1202n.nrf.xml
ण्धिं,ṇdhiṃ,4,e1202n.nrf.xml
त्च,tca,4,vin08t.nrf.xml
त्ञ,tña,4,e1201n.nrf.xml
त्ना,tnā,4,vin06t.nrf.xml
द्री,drī,4,s0301m.mul.xml
ध्यु,dhyu,4,e0806n.nrf.xml
ध्ये,dhye,4,e0806n.nrf.xml
न्त्रं,ntraṃ,4,s0514m.mul.xml
न्थी,nthī,4,s0514a2.att.xml
न्द्र,ndra,4,s0202m.mul.xml
प्र,pra,4,vin06t.nrf.xml
फू,phū,4,abh02t.tik.xml
म्फि,mphi,4,vin02m2.mul.xml
म्यो,myo,4,e0601n.nrf.xml
म्रा,mrā,4,e0601n.nrf.xml
य्व,yva,4,e0902n.nrf.xml
य्वे,yve,4,e0601n.nrf.xml
ल्त्वि,ltvi,4,e0801n.nrf.xml
ल्ह,lha,4,e0201n.nrf.xml
व्डि,vḍi,4,e0702n.nrf.xml
सें,seṃ,4,e0702n.nrf.xml
स्मो,smo,4,s0102t.tik.xml
क्गा,kgā,3,e1208n.nrf.xml
क्ण,kṇa,3,e0201n.nrf.xml
क्णे,kṇe,3,e0201n.nrf.xml
क्तु,ktu,3,e0801n.nrf.xml
खों,khoṃ,3,e0702n.nrf.xml
ग्ग्यो,ggyo,3,e0801n.nrf.xml
ग्घिं,gghiṃ,3,s0305m.mul.xml
ग्रि,gri,3,vin06t.nrf.xml
ङे,ṅe,3,e1205n.nrf.xml
ङ्खुं,ṅkhuṃ,3,e0702n.nrf.xml
ङ्घू,ṅghū,3,s0102m.mul.xml
ङ्हो,ṅho,3,e0807n.nrf.xml
ज्व,jva,3,e0801n.nrf.xml
झु,jhu,3,e0809n.nrf.xml
ञ्स्सा,ñssā,3,e0201n.nrf.xml
ठिं,ṭhiṃ,3,s0101m.mul.xml
ढं,ḍhaṃ,3,s0503a.att.xml
ढू,ḍhū,3,s0509m.mul.xml
ण्क,ṇka,3,e0807n.nrf.xml
ण्प,ṇpa,3,e0806n.nrf.xml
ण्भा,ṇbhā,3,e1201n.nrf.xml
ण्सु,ṇsu,3,e0806n.nrf.xml
तै,tै,3,e1202n.nrf.xml
त्थीं,tthīṃ,3,s0103m.mul.xml
त्थ्वे,tthve,3,e0201n.nrf.xml
त्थ्ह,tthha,3,e0806n.nrf.xml
त्द,tda,3,e1215n.nrf.xml
त्नं,tnaṃ,3,e0201n.nrf.xml
त्ने,tne,3,s0510m1.mul.xml
त्य्या,tyyā,3,e1201n.nrf.xml
थ्यो,thyo,3,e0201n.nrf.xml
द्मु,dmu,3,s0506m.mul.xml
ध्यं,dhyaṃ,3,e0806n.nrf.xml
न्जु,nju,3,e0802n.nrf.xml
न्त्वि,ntvi,3,e0806n.nrf.xml
न्द्या,ndyā,3,e0201n.nrf.xml
न्द्वा,ndvā,3,e0806n.nrf.xml
न्सा,nsā,3,e0605n.nrf.xml
ब्ब्भ,bbbha,3,e0902n.nrf.xml
भ्ना,bhnā,3,e0601n.nrf.xml
मां,māṃ,3,s0514m.mul.xml
में,meṃ,3,s0514m.mul.xml
म्ब्वा,mbvā,3,e0801n.nrf.xml
म्सा,msā,3,e0601n.nrf.xml
यां,yāṃ,3,e0702n.nrf.xml
य्मा,ymā,3,e0601n.nrf.xml
य्यूं,yyūṃ,3,s0514a3.att.xml
ल्हो,lho,3,e0805n.nrf.xml
व्व,vva,3,e0903n.nrf.xml
सीं,sīṃ,3,e0703n.nrf.xml
स्त्रा,strā,3,e0201n.nrf.xml
स्मू,smū,3,s0515m.mul.xml
स्यु,syu,3,vin08t.nrf.xml
स्सै,ssै,3,e1201n.nrf.xml
स्सौ,ssौ,3,e1201n.nrf.xml
स्स्व,ssva,3,s0513m.mul.xml
स्स्स,sssa,3,s0513a3.att.xml
हीं,hīṃ,3,vin01m.mul.xml
ह्मी,hmī,3,vin02a1.att.xml
ह्वो,hvo,3,s0508m.mul.xml
ऋ,ऋ,2,s0519m.mul.xml
क्क,kka,2,s0502a.att.xml
क्कि,kki,2,s0101m.mul.xml
क्ग,kga,2,e1208n.nrf.xml
क्गि,kgi,2,e1208n.nrf.xml
क्गी,kgī,2,e1208n.nrf.xml
क्घी,kghī,2,e1208n.nrf.xml
क्त्व,ktva,2,e0801n.nrf.xml
क्पि,kpi,2,e1208n.nrf.xml
क्म,kma,2,e1208n.nrf.xml
क्रे,kre,2,e1005n.nrf.xml
क्रो,kro,2,e0702n.nrf.xml
गै,gै,2,e1201n.nrf.xml
ग्ला,glā,2,e0808n.nrf.xml
ङ्ध,ṅdha,2,e1208n.nrf.xml
चै,cै,2,e1201n.nrf.xml
च्वे,cve,2,e0810n.nrf.xml
छू,chū,2,e0801n.nrf.xml
ज्ज,jja,2,s0505m.mul.xml
ज्वा,jvā,2,e0501n.nrf.xml
ञां,ñāṃ,2,s0517m.mul.xml
ञ्ख्ये,ñkhye,2,e0806n.nrf.xml
ञ्ग्ञा,ñgñā,2,e1203n.nrf.xml
ञ्ज,ñja,2,s0504m.mul.xml
ञ्जि,ñji,2,s0514a3.att.xml
ञ्झुं,ñjhuṃ,2,s0202a.att.xml
ञ्धा,ñdhā,2,e1210n.nrf.xml
ञ्प,ñpa,2,e0806n.nrf.xml
ञ्व,ñva,2,e0702n.nrf.xml
ञ्हिं,ñhiṃ,2,s0516m.mul.xml
ड्ढुं,ḍḍhuṃ,2,s0505a.att.xml
ड्या,ḍyā,2,e0802n.nrf.xml
ढि,ḍhi,2,vin02m3.mul.xml
ण्का,ṇkā,2,e0807n.nrf.xml
ण्ठू,ṇṭhū,2,s0503a.att.xml
ण्न,ṇna,2,e1009n.nrf.xml
ण्भ,ṇbha,2,e1201n.nrf.xml
ण्यू,ṇyū,2,e0401n.nrf.xml
त्जा,tjā,2,e0601n.nrf.xml
त्तीं,ttīṃ,2,e1208n.nrf.xml
त्तै,ttै,2,e1201n.nrf.xml
त्दा,tdā,2,e1201n.nrf.xml
त्ध,tdha,2,e1203n.nrf.xml
त्स,tsa,2,e0806n.nrf.xml
द्मे,dme,2,s0510m1.mul.xml
द्वं,dvaṃ,2,s0102a.att.xml
द्व्ञ,dvña,2,e1201n.nrf.xml
धीं,dhīṃ,2,e0703n.nrf.xml
नै,nै,2,e1201n.nrf.xml
नों,noṃ,2,e0702n.nrf.xml
न्झ,njha,2,e0810n.nrf.xml
न्त्त,ntta,2,e1009n.nrf.xml
न्त्ति,ntti,2,e1009n.nrf.xml
न्त्थ,nttha,2,e1102n.nrf.xml
न्त्यं,ntyaṃ,2,e0810n.nrf.xml
न्त्वो,ntvo,2,e0703n.nrf.xml
न्थ्य,nthya,2,e0810n.nrf.xml
न्द्रा,ndrā,2,s0513a1.att.xml
न्वं,nvaṃ,2,e0809n.nrf.xml
पीं,pīṃ,2,s0203t.tik.xml
पै,pै,2,e0810n.nrf.xml
पौ,pौ,2,e0810n.nrf.xml
प्यू,pyū,2,e0601n.nrf.xml
ब्रो,bro,2,e0703n.nrf.xml
भ्रू,bhrū,2,e0105n.nrf.xml
मौं,mौṃ,2,e0501n.nrf.xml
म्प्य,mpya,2,e1208n.nrf.xml
म्मुं,mmuṃ,2,e0201n.nrf.xml
यै,yै,2,e1201n.nrf.xml
र्य,rya,2,e0807n.nrf.xml
र्वा,rvā,2,e0301n.nrf.xml
ल्ति,lti,2,e0201n.nrf.xml
ळ्या,ḷyā,2,e1215n.nrf.xml
ळ्व,ḷva,2,vin05t.nrf.xml
व्च,vca,2,e1202n.nrf.xml
व्वी,vvī,2,e0401n.nrf.xml
सां,sāṃ,2,vin12t.nrf.xml
सों,soṃ,2,vin01a.att.xml
स्चे,sce,2,e1212n.nrf.xml
स्ति,sti,2,e1201n.nrf.xml
स्तु,stu,2,s0510a.att.xml
स्प,spa,2,s0514m.mul.xml
स्यू,syū,2,e0601n.nrf.xml
हें,heṃ,2,e0810n.nrf.xml
ह्मो,hmo,2,e1101n.nrf.xml
ह्यू,hyū,2,e0802n.nrf.xml
कां,kāṃ,1,e0702n.nrf.xml
कें,keṃ,1,e0702n.nrf.xml
कों,koṃ,1,e0702n.nrf.xml
क्का,kkā,1,e0802n.nrf.xml
क्खें,kkheṃ,1,e1201n.nrf.xml
क्ख्ख्न्धे,kkhkhndhe,1,s0105t.nrf.xml
क्ख्यं,kkhyaṃ,1,e1207n.nrf.xml
क्ख्ये,kkhye,1,e0810n.nrf.xml
क्चि,kci,1,e1201n.nrf.xml
क्झा,kjhā,1,e1201n.nrf.xml
क्ट्ठी,kṭṭhī,1,e1201n.nrf.xml
क्तिं,ktiṃ,1,e1208n.nrf.xml
क्ती,ktī,1,e0807n.nrf.xml
क्त्क,ktka,1,e1009n.nrf.xml
क्प्प,kppa,1,e0806n.nrf.xml
क्यि,kyi,1,e0602n.nrf.xml
क्यु,kyu,1,e0702n.nrf.xml
क्रा,krā,1,e1005n.nrf.xml
क्रिं,kriṃ,1,e0801n.nrf.xml
क्री,krī,1,vin11t.nrf.xml
क्रुं,kruṃ,1,e0804n.nrf.xml
क्ले,kle,1,e0605n.nrf.xml
क्सु,ksu,1,e1202n.nrf.xml
ख्य्य,khyya,1,e1201n.nrf.xml
ख्य्या,khyyā,1,e1201n.nrf.xml
गें,geṃ,1,e1201n.nrf.xml
ग्ग्ग,ggga,1,s0301t.tik.xml
ग्ग्गो,gggo,1,s0301t.tik.xml
ग्ग्य,ggya,1,e1201n.nrf.xml
ग्ग्ह,ggha,1,s0103t.tik.xml
ग्घ्या,gghyā,1,e1009n.nrf.xml
ग्ञा,gñā,1,e1208n.nrf.xml
ग्ण्ठा,gṇṭhā,1,e1203n.nrf.xml
ग्तं,gtaṃ,1,e0801n.nrf.xml
ग्धा,gdhā,1,abh02a.att.xml
ग्धि,gdhi,1,s0305m.mul.xml
ग्नि,gni,1,e0803n.nrf.xml
ग्नी,gnī,1,e0803n.nrf.xml
ग्र,gra,1,e1215n.nrf.xml
ग्रु,gru,1,e0702n.nrf.xml
ग्लो,glo,1,e0810n.nrf.xml
ग्व,gva,1,e1212n.nrf.xml
ग्वो,gvo,1,e0802n.nrf.xml
घ्यं,ghyaṃ,1,e0810n.nrf.xml
घ्यो,ghyo,1,e1001n.nrf.xml
घ्र,ghra,1,e1202n.nrf.xml
घ्वा,ghvā,1,e1009n.nrf.xml
ङो,ṅo,1,e1211n.nrf.xml
ङ्क्नी,ṅknī,1,e0806n.nrf.xml
ङ्क्या,ṅkyā,1,e0702n.nrf.xml
ङ्ख्य्ये,ṅkhyye,1,e1102n.nrf.xml
ङ्ग्ये,ṅgye,1,e0812n.nrf.xml
ङ्ड,ṅḍa,1,e1214n.nrf.xml
ङ्ढो,ṅḍho,1,e1201n.nrf.xml
ङ्ण,ṅṇa,1,e0607n.nrf.xml
ङ्ते,ṅte,1,e1210n.nrf.xml
ङ्ध्या,ṅdhyā,1,e1212n.nrf.xml
ङ्नि,ṅni,1,e1208n.nrf.xml
ङ्र,ṅra,1,e0201n.nrf.xml
ङ्व,ṅva,1,e1208n.nrf.xml
ङ्स,ṅsa,1,e0806n.nrf.xml
ङ्स्मा,ṅsmā,1,e1212n.nrf.xml
ङ्ह,ṅha,1,e1206n.nrf.xml
चौ,cौ,1,e1210n.nrf.xml
च्च,cca,1,e0201n.nrf.xml
च्चु,ccu,1,abh01a.att.xml
च्चो,cco,1,s0510a.att.xml
च्जु,cju,1,e1215n.nrf.xml
च्यु,cyu,1,e0812n.nrf.xml
च्स,csa,1,e0806n.nrf.xml
छें,cheṃ,1,e0810n.nrf.xml
जां,jāṃ,1,e0702n.nrf.xml
ज्क्,jk,1,e1201n.nrf.xml
ज्क्ज्ध,jkjdha,1,e1201n.nrf.xml
ज्जिं,jjiṃ,1,e1208n.nrf.xml
ज्झुं,jjhuṃ,1,s0102m.mul.xml
ज्य,jya,1,e0805n.nrf.xml
ज्रा,jrā,1,e0808n.nrf.xml
ज्स्गा,jsgā,1,e0808n.nrf.xml
झ्ती,jhtī,1,s0302t.tik.xml
ञ्क्ना,ñknā,1,e1208n.nrf.xml
ञ्छू,ñchū,1,e0201n.nrf.xml
ञ्झु,ñjhu,1,s0202t.tik.xml
ञ्ञे,ññe,1,e0810n.nrf.xml
ञ्ण,ñṇa,1,e1208n.nrf.xml
ञ्त्धा,ñtdhā,1,e1215n.nrf.xml
ञ्द्वा,ñdvā,1,e1201n.nrf.xml
ञ्फ,ñpha,1,s0105t.nrf.xml
ञ्भि,ñbhi,1,e1201n.nrf.xml
ञ्यों,ñyoṃ,1,e0702n.nrf.xml
ञ्यौं,ñyौṃ,1,e0702n.nrf.xml
ञ्वा,ñvā,1,e1201n.nrf.xml
ञ्स्मा,ñsmā,1,e0806n.nrf.xml
टों,ṭoṃ,1,e0702n.nrf.xml
टौ,ṭौ,1,e0810n.nrf.xml
ट्ञा,ṭñā,1,e1201n.nrf.xml
ट्ट्ठु,ṭṭṭhu,1,e1207n.nrf.xml
ट्ठ्यु,ṭṭhyu,1,e0806n.nrf.xml
ट्प,ṭpa,1,e1202n.nrf.xml
ट्युं,ṭyuṃ,1,e0101n.mul.xml
ट्ये,ṭye,1,e1208n.nrf.xml
ठुं,ṭhuṃ,1,e1201n.nrf.xml
ठूं,ṭhūṃ,1,e1201n.nrf.xml
ठ्ठा,ṭhṭhā,1,e1202n.nrf.xml
ठ्यं,ṭhyaṃ,1,e0810n.nrf.xml
ठ्या,ṭhyā,1,e1201n.nrf.xml
ठ्ये,ṭhye,1,e0810n.nrf.xml
ढु,ḍhu,1,s0507a.att.xml
ढे,ḍhe,1,e1201n.nrf.xml
णां,ṇāṃ,1,e0702n.nrf.xml
णीं,ṇīṃ,1,e1101n.nrf.xml
ण्ग,ṇga,1,e1215n.nrf.xml
ण्टी,ṇṭī,1,s0510m2.mul.xml
ण्ड्या,ṇḍyā,1,e1201n.nrf.xml
ण्ढ,ṇḍha,1,e1206n.nrf.xml
ण्ण्ण,ṇṇṇa,1,s0302t.tik.xml
ण्ति,ṇti,1,e0813n.nrf.xml
ण्त्वा,ṇtvā,1,e1215n.nrf.xml
ण्थं,ṇthaṃ,1,e1206n.nrf.xml
ण्था,ṇthā,1,e1202n.nrf.xml
ण्थि,ṇthi,1,e1206n.nrf.xml
ण्थे,ṇthe,1,e1208n.nrf.xml
ण्थो,ṇtho,1,e1206n.nrf.xml
ण्द्र,ṇdra,1,e1202n.nrf.xml
ण्धु,ṇdhu,1,e1206n.nrf.xml
ण्पि,ṇpi,1,e1212n.nrf.xml
ण्मि,ṇmi,1,e0605n.nrf.xml
ण्यु,ṇyu,1,e1208n.nrf.xml
ण्यें,ṇyeṃ,1,e1207n.nrf.xml
ण्य्यो,ṇyyo,1,e1201n.nrf.xml
ण्र्या,ṇryā,1,e1201n.nrf.xml
ण्व,ṇva,1,e0804n.nrf.xml
ण्वि,ṇvi,1,e1208n.nrf.xml
ण्स्वा,ṇsvā,1,e1201n.nrf.xml
ण्हुं,ṇhuṃ,1,s0513m.mul.xml
तां,tāṃ,1,s0102t.tik.xml
तीं,tīṃ,1,e1201n.nrf.xml
तें,teṃ,1,e0810n.nrf.xml
तैं,tैṃ,1,e1201n.nrf.xml
त्कं,tkaṃ,1,e0806n.nrf.xml
त्का,tkā,1,e0703n.nrf.xml
त्कि,tki,1,e0806n.nrf.xml
त्क्,tk,1,e0804n.nrf.xml
त्ग,tga,1,e0808n.nrf.xml
त्झं,tjhaṃ,1,vin08t.nrf.xml
त्ञा,tñā,1,e1210n.nrf.xml
त्तां,ttāṃ,1,vin01t1.tik.xml
त्त्ञ,ttña,1,e1201n.nrf.xml
त्त्त,ttta,1,e1009n.nrf.xml
त्त्तु,tttu,1,e1009n.nrf.xml
त्त्ते,ttte,1,e1009n.nrf.xml
त्त्थ,tttha,1,e0813n.nrf.xml
त्त्थि,ttthi,1,e0806n.nrf.xml
त्त्यं,ttyaṃ,1,e0810n.nrf.xml
त्त्यो,ttyo,1,e1212n.nrf.xml
त्त्वि,ttvi,1,e1201n.nrf.xml
त्थौ,tthौ,1,e0804n.nrf.xml
त्थ्यं,tthyaṃ,1,e0807n.nrf.xml
त्थ्यु,tthyu,1,e0809n.nrf.xml
त्थ्यो,tthyo,1,e0807n.nrf.xml
त्थ्हं,tthhaṃ,1,e0806n.nrf.xml
त्नि,tni,1,e1208n.nrf.xml
त्प,tpa,1,s0105t.nrf.xml
त्पू,tpū,1,e0605n.nrf.xml
त्ब्बा,tbbā,1,s0202t.tik.xml
त्म,tma,1,e0812n.nrf.xml
त्यी,tyī,1,e0807n.nrf.xml
त्री,trī,1,e1210n.nrf.xml
त्वां,tvāṃ,1,e1208n.nrf.xml
त्वू,tvū,1,e0201n.nrf.xml
त्वै,tvै,1,e1201n.nrf.xml
थ्यु,thyu,1,e0803n.nrf.xml
थ्ये,thye,1,e0812n.nrf.xml
दां,dāṃ,1,e1210n.nrf.xml
दीं,dīṃ,1,e0802n.nrf.xml
दै,dै,1,e1201n.nrf.xml
द्ते,dte,1,e0806n.nrf.xml
द्दै,ddै,1,e1201n.nrf.xml
द्भ्यां,dbhyāṃ,1,e0105n.nrf.xml
द्मि,dmi,1,e0810n.nrf.xml
द्मी,dmī,1,e0810n.nrf.xml
द्यू,dyū,1,e0806n.nrf.xml
द्विं,dviṃ,1,vin02a1.att.xml
द्व्या,dvyā,1,e0607n.nrf.xml
ध्ता,dhtā,1,e0808n.nrf.xml
ध्तु,dhtu,1,e0804n.nrf.xml
ध्वि,dhvi,1,e0810n.nrf.xml
ध्वे,dhve,1,e0809n.nrf.xml
नां,nāṃ,1,e0607n.nrf.xml
न्कं,nkaṃ,1,e0605n.nrf.xml
न्ख,nkha,1,e1208n.nrf.xml
न्गि,ngi,1,e0607n.nrf.xml
न्गी,ngī,1,e0607n.nrf.xml
न्चु,ncu,1,e0810n.nrf.xml
न्झा,njhā,1,e1010n.nrf.xml
न्ञ,nña,1,e1201n.nrf.xml
न्ञा,nñā,1,e1201n.nrf.xml
न्ठे,nṭhe,1,e1203n.nrf.xml
न्ड,nḍa,1,e1203n.nrf.xml
न्ण,nṇa,1,e1212n.nrf.xml
न्तौ,ntौ,1,e1202n.nrf.xml
न्त्तो,ntto,1,e1103n.nrf.xml
न्त्त्व,nttva,1,e1201n.nrf.xml
न्त्रा,ntrā,1,e1215n.nrf.xml
न्त्रे,ntre,1,e0605n.nrf.xml
न्त्वं,ntvaṃ,1,e1202n.nrf.xml
न्त्व्य,ntvya,1,e0801n.nrf.xml
न्थ्वा,nthvā,1,e1215n.nrf.xml
न्द्धो,nddho,1,e1201n.nrf.xml
न्द्य,ndya,1,e0810n.nrf.xml
न्द्यं,ndyaṃ,1,e1209n.nrf.xml
न्द्ये,ndye,1,e0810n.nrf.xml
न्द्रु,ndru,1,vin12t.nrf.xml
न्धीं,ndhīṃ,1,e0703n.nrf.xml
न्म,nma,1,e0812n.nrf.xml
न्मा,nmā,1,e1201n.nrf.xml
न्यें,nyeṃ,1,e1205n.nrf.xml
न्र,nra,1,e1201n.nrf.xml
न्ला,nlā,1,e0808n.nrf.xml
न्वी,nvī,1,e0806n.nrf.xml
न्व्द,nvda,1,e1208n.nrf.xml
न्व्ध,nvdha,1,e1208n.nrf.xml
प्छि,pchi,1,e1212n.nrf.xml
प्ज,pja,1,e1211n.nrf.xml
प्त,pta,1,e1204n.nrf.xml
प्ति,pti,1,e1215n.nrf.xml
प्त्ति,ptti,1,e1212n.nrf.xml
प्प्पी,pppī,1,s0201t.tik.xml
प्म,pma,1,e1103n.nrf.xml
प्यि,pyi,1,vin02a3.att.xml
प्रि,pri,1,e1005n.nrf.xml
प्रु,pru,1,e0601n.nrf.xml
प्वे,pve,1,vin12t.nrf.xml
प्स,psa,1,e1102n.nrf.xml
फौ,phौ,1,e0810n.nrf.xml
फ्फ,phpha,1,e1202n.nrf.xml
फ्य,phya,1,e0702n.nrf.xml
फ्र,phra,1,e1207n.nrf.xml
फ्रू,phrū,1,vin12t.nrf.xml
ब्,b,1,e0804n.nrf.xml
ब्गि,bgi,1,e1201n.nrf.xml
ब्ब्जा,bbjā,1,e1202n.nrf.xml
ब्ब्ब,bbba,1,s0301t.tik.xml
ब्ब्बा,bbbā,1,s0201t.tik.xml
ब्ब्य,bbya,1,e0809n.nrf.xml
ब्भुं,bbhuṃ,1,s0401t.tik.xml
ब्वा,bvā,1,vin13t.nrf.xml
ब्वे,bve,1,s0102a.att.xml
भ्मा,bhmā,1,s0513m.mul.xml
भ्व,bhva,1,e0804n.nrf.xml
मीं,mīṃ,1,e1208n.nrf.xml
मूं,mūṃ,1,e0803n.nrf.xml
म्कु,mku,1,vin05t.nrf.xml
म्ग,mga,1,e1208n.nrf.xml
म्ञा,mñā,1,e1210n.nrf.xml
म्ता,mtā,1,e1001n.nrf.xml
म्ते,mte,1,e0801n.nrf.xml
म्थु,mthu,1,e1208n.nrf.xml
म्द,mda,1,e1208n.nrf.xml
म्धे,mdhe,1,e1202n.nrf.xml
म्प्यु,mpyu,1,e1003n.nrf.xml
म्फू,mphū,1,e1215n.nrf.xml
म्फो,mpho,1,e0703n.nrf.xml
म्ब्ड,mbḍa,1,e1208n.nrf.xml
म्ब्य,mbya,1,e1007n.nrf.xml
म्ब्या,mbyā,1,e0809n.nrf.xml
म्ब्रु,mbru,1,e1215n.nrf.xml
म्भ्य,mbhya,1,e1201n.nrf.xml
म्मौ,mmौ,1,e1210n.nrf.xml
म्रे,mre,1,e0702n.nrf.xml
म्वे,mve,1,e0810n.nrf.xml
म्स,msa,1,e0808n.nrf.xml
म्हां,mhāṃ,1,e0702n.nrf.xml
म्हू,mhū,1,abh01a.att.xml
यें,yeṃ,1,e0810n.nrf.xml
यों,yoṃ,1,s0514m.mul.xml
यौ,yौ,1,e0810n.nrf.xml
य्च,yca,1,e0801n.nrf.xml
य्जै,yjै,1,e1201n.nrf.xml
य्हुं,yhuṃ,1,e1215n.nrf.xml
रें,reṃ,1,e1202n.nrf.xml
र्ण्थ,rṇtha,1,e1206n.nrf.xml
र्त्थ,rttha,1,e1206n.nrf.xml
र्भु,rbhu,1,s0202t.tik.xml
र्स,rsa,1,e0605n.nrf.xml
र्ह्म,rhma,1,vin01t1.tik.xml
लै,lै,1,e1201n.nrf.xml
लों,loṃ,1,e0702n.nrf.xml
लौं,lौṃ,1,e0810n.nrf.xml
ल्ग,lga,1,e0808n.nrf.xml
ल्गा,lgā,1,e0808n.nrf.xml
ल्च,lca,1,e0808n.nrf.xml
ल्ञे,lñe,1,e1212n.nrf.xml
ल्त्वी,ltvī,1,e0806n.nrf.xml
ल्थु,lthu,1,e0801n.nrf.xml
ल्प,lpa,1,e0808n.nrf.xml
ल्भी,lbhī,1,e1208n.nrf.xml
ल्यु,lyu,1,e0809n.nrf.xml
ल्यू,lyū,1,e0802n.nrf.xml
ल्य्या,lyyā,1,e1201n.nrf.xml
ल्रा,lrā,1,e1010n.nrf.xml
ल्हा,lhā,1,e1208n.nrf.xml
ल्हि,lhi,1,e0105n.nrf.xml
ळ्य,ḷya,1,e0810n.nrf.xml
ळ्ल,ḷla,1,e1202n.nrf.xml
वूं,vūṃ,1,e1203n.nrf.xml
व्छ,vcha,1,e1211n.nrf.xml
व्ठे,vṭhe,1,e0702n.nrf.xml
व्त,vta,1,e1201n.nrf.xml
व्ति,vti,1,e1203n.nrf.xml
व्त्ति,vtti,1,e0804n.nrf.xml
व्भ,vbha,1,e1208n.nrf.xml
व्मि,vmi,1,e0907n.nrf.xml
व्यं,vyaṃ,1,s0402m3.mul.xml
व्यु,vyu,1,e1210n.nrf.xml
व्वि,vvi,1,s0520m.nrf.xml
व्स,vsa,1,e1201n.nrf.xml
व्ही,vhī,1,e0201n.nrf.xml
व्ह्ञे,vhñe,1,e1201n.nrf.xml
स्ज,sja,1,e0808n.nrf.xml
स्जै,sjै,1,e1201n.nrf.xml
स्ञा,sñā,1,e1210n.nrf.xml
स्ण,sṇa,1,e1212n.nrf.xml
स्त्यं,styaṃ,1,e1204n.nrf.xml
स्त्यु,styu,1,e0812n.nrf.xml
स्थि,sthi,1,e0812n.nrf.xml
स्द,sda,1,e1201n.nrf.xml
स्दा,sdā,1,e1201n.nrf.xml
स्फ,spha,1,e1201n.nrf.xml
स्मीं,smīṃ,1,e0703n.nrf.xml
स्म्या,smyā,1,e1208n.nrf.xml
स्यां,syāṃ,1,e0812n.nrf.xml
स्य्या,syyā,1,e1201n.nrf.xml
स्री,srī,1,e1007n.nrf.xml
स्ला,slā,1,e0808n.nrf.xml
स्वु,svu,1,e0201n.nrf.xml
स्स्ञ,ssña,1,e1201n.nrf.xml
स्स्सा,sssā,1,s0104t.nrf.xml
स्स्सि,sssi,1,vin07t.nrf.xml
स्ह,sha,1,e1206n.nrf.xml
स्हो,sho,1,e1201n.nrf.xml
स्ह्यु,shyu,1,e0401n.nrf.xml
स्ह्यू,shyū,1,e0401n.nrf.xml
हां,hāṃ,1,e0607n.nrf.xml
हूं,hūṃ,1,e0703n.nrf.xml
है,hै,1,e1201n.nrf.xml
ह्घा,hghā,1,e0703n.nrf.xml
ह्ञा,hñā,1,e1201n.nrf.xml
ह्न,hna,1,e0810n.nrf.xml
ह्यु,hyu,1,e0806n.nrf.xml
ह्वं,hvaṃ,1,e0813n.nrf.xml
ह्वि,hvi,1,e1103n.nrf.xml
ह्ह्व,hhva,1,e1201n.nrf.xml
